gpu_type,local_bsz,placement,step_time,sync_time
dgx,48,1,0.3417792171239853,0.003075583934783936
rtx,12,1,0.44691599905490875,0.006431816041469574
v100,36,1,0.8657241761684418,0.0045720959901809684
quad,24,1,0.6410521864891052,0.006138387978076934
t4,12,1,0.9215156733989716,0.013695754051208497
