gpu_type,local_bsz,placement,step_time,sync_time
dgx,4096,1,0.4070537771497454,0.0002993005684443882
rtx,1024,1,0.3097095489501953,0.0002873400039970875
v100,3072,1,0.6515738747336648,0.0002729425484483893
quad,2048,1,0.5475723445415497,0.00027575000002980234
t4,1024,1,0.7020925283432007,0.0005468864023685456
