gpu_type,local_bsz,placement,step_time,sync_time
dgx,320,1,4.128786836351667,0.00046577371018273483
rtx,80,1,1.5234552770853043,0.0007463580034673212
v100,240,1,3.341525207866322,0.0006063010909340599
quad,160,1,3.288677379488945,0.0007177379988133907
t4,80,1,2.5406229346990585,0.001536966010928154
