gpu_type,local_bsz,placement,step_time,sync_time
dgx,800,1,0.7736862450838089,0.0006746880002319813
rtx,200,1,0.463215172290802,0.000663863994181156
v100,600,1,0.8912163078784943,0.0006590079925954342
quad,400,1,0.9639934003353119,0.0006432400010526181
t4,200,1,0.923530888557434,0.0012039680004119874
