gpu_type,local_bsz,placement,step_time,sync_time
dgx,32768,1,0.010716557502746582,0.0003310719989240169
rtx,32768,1,0.02025991678237915,0.0007582259997725487
v100,32768,1,0.1919250637292862,0.00039916799776256085
quad,32768,1,0.01615998148918152,0.0005914880000054836
t4,32768,1,0.02131553226047092,0.00034586986700693766
