gpu_type,local_bsz,placement,step_time,sync_time
dgx,32,1,0.3930736780166626,0.001081152006983757
rtx,8,1,0.5907069444656372,0.0016126280054450035
v100,24,1,0.3353075236082077,0.0011665280014276503
quad,16,1,0.31624719500541687,0.0012738640084862707
t4,16,1,0.5726079791784286,0.002545875996351243
